"Fecha","Cierre","Apertura","Máximo","Mínimo","Vol.","% var."
"10.08.2021","0.70911","0.70119","0.71556","0.68967","12.73M","1.13%"
"09.08.2021","0.70119","0.67261","0.71049","0.64961","12.69M","4.25%"
"08.08.2021","0.67261","0.72076","0.73147","0.66484","13.18M","-6.68%"
"07.08.2021","0.72076","0.69555","0.73590","0.68718","20.00M","3.62%"
"06.08.2021","0.69555","0.67803","0.70604","0.66155","10.93M","2.58%"
"05.08.2021","0.67803","0.66976","0.69043","0.64676","11.67M","1.24%"
"04.08.2021","0.66976","0.64082","0.67997","0.62983","10.41M","4.52%"
"03.08.2021","0.64081","0.65560","0.66195","0.62079","6.34M","-2.26%"
"02.08.2021","0.65560","0.65957","0.67080","0.63813","8.66M","-0.60%"
"01.08.2021","0.65958","0.64935","0.71979","0.64860","35.21M","1.57%"
"31.07.2021","0.64935","0.61530","0.65857","0.60866","14.24M","5.53%"
"30.07.2021","0.61531","0.59481","0.61994","0.57393","12.61M","3.44%"
"29.07.2021","0.59481","0.57140","0.60259","0.55666","7.57M","4.46%"
"28.07.2021","0.56944","0.57311","0.58531","0.55160","9.52M","-0.64%"
"27.07.2021","0.57311","0.54753","0.57820","0.53607","11.41M","4.67%"
"26.07.2021","0.54753","0.54200","0.59846","0.54091","18.61M","1.02%"
"25.07.2021","0.54200","0.54015","0.54249","0.52575","5.93M","-0.76%"
"24.07.2021","0.54613","0.52461","0.55479","0.52091","10.73M","4.10%"
"23.07.2021","0.52461","0.51308","0.52991","0.50173","9.17M","2.25%"
"22.07.2021","0.51308","0.50331","0.52220","0.49563","10.66M","2.37%"
"21.07.2021","0.50122","0.46654","0.50660","0.45685","15.63M","7.43%"
"20.07.2021","0.46654","0.49411","0.50198","0.45654","15.12M","-5.58%"
"19.07.2021","0.49411","0.51932","0.51991","0.48812","12.02M","-4.85%"
"18.07.2021","0.51932","0.53413","0.55475","0.51486","17.78M","-2.77%"
"17.07.2021","0.53413","0.54953","0.60147","0.53142","58.19M","-2.80%"
"16.07.2021","0.54953","0.50691","0.57769","0.49436","41.50M","8.41%"
"15.07.2021","0.50691","0.53101","0.53927","0.49914","8.67M","-4.54%"
"14.07.2021","0.53101","0.53512","0.53752","0.49823","8.65M","-0.77%"
"13.07.2021","0.53513","0.54843","0.55330","0.52724","6.89M","-2.58%"
"12.07.2021","0.54932","0.56292","0.57181","0.54053","6.29M","-2.31%"
"11.07.2021","0.56233","0.55752","0.56623","0.54616","6.24M","0.86%"
"10.07.2021","0.55752","0.56951","0.57956","0.54762","6.69M","-2.11%"
"09.07.2021","0.56951","0.56912","0.57328","0.53787","12.83M","0.07%"
"08.07.2021","0.56912","0.61353","0.61671","0.56075","15.72M","-7.24%"
"07.07.2021","0.61353","0.59292","0.64760","0.58654","17.09M","3.48%"
"06.07.2021","0.59292","0.56677","0.59949","0.56607","10.67M","4.61%"
"05.07.2021","0.56677","0.60463","0.60600","0.55686","8.96M","-6.26%"
"04.07.2021","0.60462","0.59085","0.61992","0.58941","7.87M","2.33%"
"03.07.2021","0.59085","0.58129","0.59732","0.56698","6.32M","1.64%"
"02.07.2021","0.58129","0.58105","0.58929","0.54657","5.18M","0.04%"
"01.07.2021","0.58105","0.61478","0.61878","0.56088","10.14M","-5.49%"
"30.06.2021","0.61478","0.58399","0.61478","0.56306","10.28M","5.27%"
"29.06.2021","0.58399","0.55640","0.61846","0.55640","12.25M","4.96%"
"28.06.2021","0.55640","0.54099","0.56887","0.53189","8.46M","2.85%"
"27.06.2021","0.54099","0.51109","0.54249","0.50043","7.97M","6.13%"
"26.06.2021","0.50972","0.51826","0.53017","0.48624","11.53M","-1.65%"
"25.06.2021","0.51826","0.57322","0.59138","0.51065","13.31M","-9.59%"
"24.06.2021","0.57322","0.55011","0.57911","0.52643","10.32M","4.20%"
"23.06.2021","0.55011","0.48313","0.56681","0.46895","15.63M","13.86%"
"22.06.2021","0.48313","0.50994","0.53204","0.42526","36.49M","-5.41%"
"21.06.2021","0.51074","0.60051","0.60400","0.49906","23.60M","-14.95%"
"20.06.2021","0.60051","0.59665","0.60800","0.56016","10.98M","0.65%"
"19.06.2021","0.59665","0.60861","0.62717","0.59204","5.16M","-1.97%"
"18.06.2021","0.60861","0.65752","0.65837","0.58989","13.44M","-7.44%"
"17.06.2021","0.65752","0.65583","0.68881","0.64281","8.35M","0.26%"
"16.06.2021","0.65583","0.69107","0.69114","0.65000","10.32M","-5.10%"
"15.06.2021","0.69107","0.67122","0.72329","0.66669","18.09M","2.96%"
"14.06.2021","0.67122","0.64862","0.67638","0.63867","13.06M","3.48%"
"13.06.2021","0.64862","0.61672","0.65953","0.59745","12.59M","5.17%"
"12.06.2021","0.61672","0.64590","0.64676","0.59310","14.96M","-4.52%"
"11.06.2021","0.64590","0.66434","0.71688","0.63915","17.68M","-2.73%"
"10.06.2021","0.66404","0.70336","0.70760","0.64524","10.04M","-5.59%"
"09.06.2021","0.70336","0.67093","0.70336","0.63662","12.91M","4.83%"
"08.06.2021","0.67093","0.69401","0.70738","0.60622","21.17M","-3.33%"
"07.06.2021","0.69401","0.76219","0.79976","0.68826","14.35M","-8.95%"
"06.06.2021","0.76219","0.75050","0.77377","0.74314","8.59M","1.56%"
"05.06.2021","0.75050","0.75995","0.81790","0.72098","15.96M","-1.24%"
"04.06.2021","0.75995","0.82889","0.83072","0.72189","17.78M","-8.32%"
"03.06.2021","0.82889","0.79630","0.84934","0.78964","13.36M","4.09%"
"02.06.2021","0.79629","0.74733","0.84398","0.73384","21.78M","6.55%"
"01.06.2021","0.74733","0.76750","0.77417","0.72431","12.49M","-2.63%"
"31.05.2021","0.76750","0.70338","0.76750","0.66922","13.88M","9.01%"
"30.05.2021","0.70408","0.68038","0.73823","0.63826","14.66M","3.48%"
"29.05.2021","0.68038","0.74802","0.78726","0.64074","19.57M","-9.04%"
"28.05.2021","0.74802","0.84072","0.85231","0.70127","26.51M","-11.03%"
"27.05.2021","0.84072","0.88830","0.92859","0.79373","31.62M","-5.16%"
"26.05.2021","0.88642","0.73738","0.88642","0.73519","25.52M","20.21%"
"25.05.2021","0.73738","0.72506","0.77006","0.66200","22.69M","1.70%"
"24.05.2021","0.72506","0.55876","0.74270","0.55092","37.42M","29.76%"
"23.05.2021","0.55877","0.68044","0.70780","0.45617","52.03M","-17.88%"
"22.05.2021","0.68044","0.75699","0.76311","0.65546","27.14M","-10.11%"
"21.05.2021","0.75699","0.87442","0.91920","0.64875","40.50M","-13.43%"
"20.05.2021","0.87442","0.74442","0.91454","0.66405","39.38M","17.46%"
"19.05.2021","0.74443","1.10761","1.11793","0.56590","66.59M","-32.79%"
"18.05.2021","1.10761","1.05914","1.14156","1.04983","16.03M","4.58%"
"17.05.2021","1.05914","1.14155","1.14383","1.02108","23.17M","-7.18%"
"16.05.2021","1.14106","1.13523","1.23688","1.07748","21.73M","0.51%"
"15.05.2021","1.13523","1.21998","1.22721","1.12648","17.21M","-6.95%"
"14.05.2021","1.21998","1.19339","1.24880","1.17822","17.07M","2.23%"
"13.05.2021","1.19339","1.16769","1.25121","1.09599","33.08M","3.73%"
"12.05.2021","1.15047","1.39393","1.41560","1.15029","25.35M","-17.46%"
"11.05.2021","1.39392","1.31065","1.39392","1.25993","25.81M","6.13%"
"10.05.2021","1.31337","1.41338","1.49639","1.25333","36.52M","-7.08%"
"09.05.2021","1.41338","1.41831","1.46349","1.33648","25.53M","-0.38%"
"08.05.2021","1.41870","1.40604","1.51467","1.38215","28.28M","0.90%"
"07.05.2021","1.40604","1.40347","1.59127","1.35243","59.26M","0.18%"
"06.05.2021","1.40347","1.36247","1.44640","1.32925","43.26M","2.74%"
"05.05.2021","1.36609","1.17397","1.37151","1.17397","35.07M","16.40%"
"04.05.2021","1.17360","1.29241","1.29261","1.15400","27.69M","-9.15%"
"03.05.2021","1.29181","1.25589","1.32148","1.25313","18.92M","2.86%"
"02.05.2021","1.25590","1.27024","1.29686","1.22439","15.52M","-1.13%"
"01.05.2021","1.27024","1.26338","1.29977","1.23321","20.87M","0.54%"
"30.04.2021","1.26338","1.18751","1.27716","1.16581","19.95M","6.39%"
"29.04.2021","1.18751","1.20070","1.23420","1.15398","17.09M","-1.10%"
"28.04.2021","1.20070","1.23056","1.27957","1.14947","20.79M","-2.43%"
"27.04.2021","1.23056","1.16396","1.25135","1.13911","19.84M","5.72%"
"26.04.2021","1.16396","1.02429","1.16436","1.01549","22.65M","13.64%"
"25.04.2021","1.02429","1.03341","1.10243","0.97003","14.38M","-0.88%"
"24.04.2021","1.03341","1.17197","1.17343","1.02973","20.28M","-11.82%"
"23.04.2021","1.17197","1.07104","1.17859","0.86660","60.22M","9.42%"
"22.04.2021","1.07104","1.20497","1.25026","1.05259","34.24M","-11.11%"
"21.04.2021","1.20497","1.26579","1.31320","1.19353","26.84M","-4.74%"
"20.04.2021","1.26490","1.31977","1.32824","1.16017","53.46M","-3.78%"
"19.04.2021","1.31462","1.34822","1.46701","1.18081","62.56M","-2.49%"
"18.04.2021","1.34821","1.47391","1.48380","1.12368","52.73M","-8.39%"
"17.04.2021","1.47165","1.52791","1.59938","1.46359","26.54M","-3.68%"
"16.04.2021","1.52791","1.51943","1.56544","1.40453","32.39M","0.56%"
"15.04.2021","1.51943","1.46283","1.59218","1.43823","27.28M","3.66%"
"14.04.2021","1.46579","1.50001","1.56627","1.40089","29.36M","-2.28%"
"13.04.2021","1.50001","1.41689","1.51986","1.39651","25.68M","5.87%"
"12.04.2021","1.41689","1.43694","1.47239","1.39079","19.01M","-1.39%"
"11.04.2021","1.43694","1.46425","1.57066","1.40964","35.85M","-1.87%"
"10.04.2021","1.46425","1.53969","1.61779","1.39362","59.46M","-4.90%"
"09.04.2021","1.53969","1.29084","1.64527","1.26449","120.53M","19.28%"
"08.04.2021","1.29084","1.18620","1.29884","1.17661","24.93M","8.82%"
"07.04.2021","1.18620","1.32698","1.37898","1.15149","50.98M","-10.61%"
"06.04.2021","1.32698","1.27722","1.33636","1.17752","48.32M","3.90%"
"05.04.2021","1.27722","1.17511","1.28248","1.12942","34.46M","8.71%"
"04.04.2021","1.17491","1.11515","1.18409","1.10058","17.72M","5.36%"
"03.04.2021","1.11515","1.19863","1.26243","1.11270","30.61M","-6.96%"
"02.04.2021","1.19863","1.15361","1.27757","1.13442","41.15M","3.90%"
"01.04.2021","1.15361","1.14087","1.18337","1.11749","23.95M","1.12%"
"31.03.2021","1.14087","1.16942","1.18529","1.07875","22.38M","-2.44%"
"30.03.2021","1.16942","1.13953","1.20981","1.12313","33.60M","2.92%"
"29.03.2021","1.13626","1.12077","1.14511","1.07623","25.72M","1.51%"
"28.03.2021","1.11939","1.08166","1.14800","1.05555","36.01M","3.49%"
"27.03.2021","1.08166","1.07410","1.08810","1.01131","23.82M","0.70%"
"26.03.2021","1.07410","0.97348","1.09050","0.97348","33.03M","10.34%"
"25.03.2021","0.97348","0.99107","1.01429","0.93429","25.95M","-1.78%"
"24.03.2021","0.99107","1.05194","1.12291","0.94638","34.67M","-5.79%"
"23.03.2021","1.05194","1.08553","1.11448","1.02801","29.80M","-3.09%"
"22.03.2021","1.08553","1.12432","1.20800","1.07540","61.21M","-3.45%"
"21.03.2021","1.12432","1.08189","1.13707","1.06190","28.32M","3.92%"
"20.03.2021","1.08189","1.18415","1.22688","1.07919","36.44M","-8.64%"
"19.03.2021","1.18415","1.20290","1.24116","1.15069","55.21M","-1.56%"
"18.03.2021","1.20290","1.23327","1.37758","1.19118","133.53M","-2.46%"
"17.03.2021","1.23327","1.02896","1.34496","0.94375","373.53M","19.86%"
"16.03.2021","1.02896","0.76011","1.17479","0.73014","218.22M","35.37%"
"15.03.2021","0.76010","0.76656","0.80713","0.72047","28.49M","-1.04%"
"14.03.2021","0.76806","0.81454","0.85006","0.76806","27.17M","-5.71%"
"13.03.2021","0.81454","0.75556","0.83519","0.72213","37.41M","7.81%"
"12.03.2021","0.75556","0.80174","0.81350","0.73178","34.07M","-5.76%"
"11.03.2021","0.80174","0.81926","0.85765","0.77775","50.20M","-2.14%"
"10.03.2021","0.81927","0.74688","0.87827","0.69408","112.53M","9.81%"
"09.03.2021","0.74609","0.74191","0.76332","0.70298","33.37M","0.56%"
"08.03.2021","0.74191","0.69522","0.74191","0.66457","35.77M","6.72%"
"07.03.2021","0.69521","0.66461","0.72564","0.66183","34.08M","4.60%"
"06.03.2021","0.66461","0.67879","0.69727","0.63418","25.58M","-2.09%"
"05.03.2021","0.67879","0.69147","0.72227","0.63399","54.83M","-1.83%"
"04.03.2021","0.69147","0.76372","0.79286","0.66539","89.59M","-9.46%"
"03.03.2021","0.76372","0.60242","0.83833","0.59319","191.79M","26.78%"
"02.03.2021","0.60242","0.58522","0.62820","0.55414","52.20M","2.94%"
"01.03.2021","0.58522","0.52626","0.59662","0.51984","50.83M","11.20%"
"28.02.2021","0.52626","0.51439","0.53624","0.45922","45.92M","2.31%"
"27.02.2021","0.51439","0.52582","0.56759","0.50214","64.05M","-2.17%"
"26.02.2021","0.52581","0.48123","0.55510","0.44215","102.45M","9.27%"
"25.02.2021","0.48122","0.51374","0.53803","0.47564","39.25M","-6.33%"
"24.02.2021","0.51374","0.47704","0.54984","0.44569","70.75M","7.78%"
"23.02.2021","0.47665","0.53837","0.54836","0.39703","99.55M","-11.46%"
"22.02.2021","0.53837","0.60614","0.64038","0.45688","72.89M","-11.18%"
"21.02.2021","0.60614","0.57861","0.60942","0.56334","36.96M","4.76%"
"20.02.2021","0.57861","0.61314","0.63314","0.54653","51.28M","-5.63%"
"19.02.2021","0.61316","0.63293","0.65596","0.59511","38.52M","-3.12%"
"18.02.2021","0.63291","0.57478","0.64798","0.57478","44.62M","10.28%"
"17.02.2021","0.57390","0.55591","0.59634","0.50844","40.25M","3.24%"
"16.02.2021","0.55590","0.53828","0.59026","0.52299","44.37M","3.28%"
"15.02.2021","0.53827","0.55840","0.59576","0.45669","64.12M","-3.61%"
"14.02.2021","0.55840","0.61703","0.62588","0.54276","40.97M","-9.50%"
"13.02.2021","0.61702","0.62710","0.69390","0.58100","62.71M","-1.61%"
"12.02.2021","0.62710","0.59261","0.70274","0.54991","131.61M","5.82%"
"11.02.2021","0.59261","0.44335","0.66831","0.43292","171.53M","33.25%"
"10.02.2021","0.44472","0.43371","0.46150","0.39521","56.17M","2.52%"
"09.02.2021","0.43381","0.41801","0.44930","0.40353","49.38M","3.78%"
"08.02.2021","0.41801","0.40681","0.43100","0.38821","62.00M","2.75%"
"07.02.2021","0.40681","0.35271","0.42690","0.34566","114.14M","15.34%"
"06.02.2021","0.35271","0.37179","0.37357","0.33993","38.50M","-5.13%"
"05.02.2021","0.37179","0.31260","0.37499","0.31260","74.93M","18.93%"
"04.02.2021","0.31260","0.32200","0.32609","0.30451","38.71M","-2.92%"
"03.02.2021","0.32200","0.31710","0.32780","0.31221","39.56M","1.54%"
"02.02.2021","0.31710","0.31719","0.32289","0.30582","29.20M","-0.03%"
"01.02.2021","0.31719","0.30281","0.31900","0.29101","33.24M","4.75%"
"31.01.2021","0.30281","0.31639","0.32350","0.29532","28.54M","-4.15%"
"30.01.2021","0.31590","0.30901","0.32231","0.29590","30.34M","2.23%"
"29.01.2021","0.30901","0.30582","0.31449","0.28990","51.46M","1.11%"
"28.01.2021","0.30562","0.30284","0.31949","0.29808","47.33M","0.45%"
"27.01.2021","0.30424","0.29926","0.31607","0.27166","45.87M","1.66%"
"26.01.2021","0.29927","0.30141","0.30930","0.28084","47.23M","-0.80%"
"25.01.2021","0.30169","0.31841","0.33899","0.29710","55.20M","-5.25%"
"24.01.2021","0.31841","0.32956","0.33368","0.30620","51.21M","-3.38%"
"23.01.2021","0.32956","0.31456","0.36109","0.30996","148.64M","4.76%"
"22.01.2021","0.31459","0.24378","0.34634","0.22860","233.40M","29.05%"
"21.01.2021","0.24378","0.27859","0.28018","0.24259","40.15M","-12.50%"
"20.01.2021","0.27860","0.26841","0.28807","0.25251","38.32M","3.80%"
"19.01.2021","0.26840","0.28272","0.29119","0.26769","36.30M","-5.06%"
"18.01.2021","0.28272","0.27360","0.29812","0.26741","50.17M","3.33%"
"17.01.2021","0.27360","0.26650","0.27930","0.24942","39.19M","2.66%"
"16.01.2021","0.26650","0.24735","0.28667","0.24735","97.59M","7.77%"
"15.01.2021","0.24729","0.24657","0.25938","0.22751","39.11M","0.29%"
"14.01.2021","0.24658","0.24951","0.25515","0.23880","27.05M","-1.17%"
"13.01.2021","0.24951","0.23130","0.24970","0.22413","23.90M","7.87%"
"12.01.2021","0.23130","0.23051","0.24828","0.22304","33.50M","0.34%"
"11.01.2021","0.23051","0.25721","0.25751","0.20185","63.04M","-10.38%"
"10.01.2021","0.25721","0.27452","0.29450","0.23769","63.41M","-6.30%"
"09.01.2021","0.27452","0.25109","0.28720","0.24370","59.08M","9.33%"
"08.01.2021","0.25109","0.25637","0.27350","0.23983","49.03M","-2.06%"
"07.01.2021","0.25637","0.25013","0.28361","0.24500","78.49M","2.50%"
"06.01.2021","0.25013","0.23120","0.25501","0.22718","58.28M","8.19%"
"05.01.2021","0.23120","0.21839","0.23250","0.21613","43.16M","5.91%"
"04.01.2021","0.21829","0.21709","0.23600","0.20355","49.36M","0.55%"
"03.01.2021","0.21709","0.20389","0.21960","0.19972","36.08M","6.47%"
"02.01.2021","0.20389","0.20422","0.20909","0.19911","24.99M","-0.16%"
"01.01.2021","0.20422","0.19958","0.21040","0.19792","18.22M","2.32%"
"31.12.2020","0.19958","0.20129","0.20239","0.19501","17.55M","-0.85%"
"30.12.2020","0.20129","0.20630","0.20759","0.19881","14.13M","-2.43%"
"29.12.2020","0.20630","0.21071","0.21390","0.19694","25.87M","-2.09%"
"28.12.2020","0.21071","0.20871","0.21979","0.20730","22.97M","0.96%"
"27.12.2020","0.20871","0.21379","0.22149","0.20283","26.21M","-2.38%"
"26.12.2020","0.21379","0.21399","0.21638","0.20491","22.96M","-0.10%"
"25.12.2020","0.21399","0.21790","0.22519","0.21171","23.22M","-1.80%"
"24.12.2020","0.21790","0.19328","0.22090","0.18802","37.17M","12.74%"
"23.12.2020","0.19328","0.21830","0.22030","0.18082","30.20M","-11.46%"
"22.12.2020","0.21830","0.22384","0.22699","0.21071","24.66M","-2.47%"
"21.12.2020","0.22384","0.23210","0.24059","0.21898","20.64M","-3.60%"
"20.12.2020","0.23220","0.24451","0.24500","0.23011","27.01M","-5.03%"
"19.12.2020","0.24451","0.24971","0.26309","0.24441","30.96M","-2.08%"
"18.12.2020","0.24971","0.22659","0.26179","0.22370","62.51M","10.20%"
"17.12.2020","0.22659","0.23298","0.23800","0.22351","24.80M","-2.74%"
"16.12.2020","0.23298","0.21811","0.23319","0.21662","28.47M","6.82%"
"15.12.2020","0.21811","0.21810","0.22230","0.21340","11.09M","0.00%"
"14.12.2020","0.21810","0.21311","0.21979","0.21073","9.64M","2.34%"
"13.12.2020","0.21311","0.21101","0.21879","0.20701","12.44M","0.99%"
"12.12.2020","0.21101","0.20301","0.21469","0.20251","18.32M","3.94%"
"11.12.2020","0.20301","0.20860","0.20950","0.20061","15.27M","-2.64%"
"10.12.2020","0.20850","0.21971","0.22050","0.20791","12.85M","-5.10%"
"09.12.2020","0.21971","0.21981","0.22069","0.20683","24.09M","-0.18%"
"08.12.2020","0.22010","0.23570","0.23860","0.21722","18.23M","-6.62%"
"07.12.2020","0.23570","0.23730","0.23910","0.23112","10.42M","-0.68%"
"06.12.2020","0.23730","0.23581","0.23770","0.22750","11.22M","0.63%"
"05.12.2020","0.23581","0.22854","0.23609","0.22571","8.39M","3.18%"
"04.12.2020","0.22854","0.24300","0.25030","0.22591","25.40M","-5.95%"
"03.12.2020","0.24300","0.24191","0.24849","0.23931","15.50M","0.29%"
"02.12.2020","0.24230","0.23492","0.24490","0.23071","16.26M","3.14%"
"01.12.2020","0.23492","0.24372","0.26139","0.23250","36.11M","-3.61%"
"30.11.2020","0.24372","0.23591","0.24440","0.23011","21.90M","3.31%"
"29.11.2020","0.23591","0.22950","0.23610","0.22361","13.48M","2.79%"
"28.11.2020","0.22950","0.22501","0.23421","0.21662","19.40M","2.00%"
"27.11.2020","0.22501","0.22479","0.23030","0.21311","22.98M","0.18%"
"26.11.2020","0.22460","0.25671","0.26186","0.20861","69.56M","-12.51%"
"25.11.2020","0.25671","0.26121","0.28809","0.24792","53.44M","-1.72%"
"24.11.2020","0.26121","0.25501","0.27468","0.24185","63.86M","2.43%"
"23.11.2020","0.25501","0.22019","0.26419","0.21644","66.71M","15.81%"
"22.11.2020","0.22019","0.23398","0.23689","0.20734","37.13M","-5.90%"
"21.11.2020","0.23398","0.20251","0.23468","0.20145","50.21M","15.54%"
"20.11.2020","0.20251","0.19640","0.20401","0.19522","25.52M","3.11%"
"19.11.2020","0.19640","0.20002","0.20389","0.19462","20.81M","-1.81%"
"18.11.2020","0.20002","0.20502","0.20649","0.19130","21.88M","-2.44%"
"17.11.2020","0.20502","0.19760","0.20762","0.19741","22.12M","3.75%"
"16.11.2020","0.19760","0.19359","0.20051","0.19191","12.80M","1.97%"
"15.11.2020","0.19378","0.19660","0.20111","0.18872","15.31M","-1.43%"
"14.11.2020","0.19660","0.20261","0.20409","0.19331","12.30M","-2.96%"
"13.11.2020","0.20261","0.19580","0.20410","0.19491","9.62M","3.47%"
"12.11.2020","0.19580","0.19942","0.20626","0.19372","10.76M","-1.81%"
"11.11.2020","0.19942","0.20176","0.20777","0.19913","11.53M","-1.16%"
"10.11.2020","0.20176","0.19389","0.20634","0.19291","18.87M","4.06%"
"09.11.2020","0.19389","0.19842","0.19907","0.18902","14.64M","-2.28%"
"08.11.2020","0.19842","0.19242","0.20357","0.19033","15.06M","3.12%"
"07.11.2020","0.19242","0.20429","0.21110","0.18585","29.95M","-5.81%"
"06.11.2020","0.20429","0.19089","0.20500","0.18882","23.75M","7.02%"
"05.11.2020","0.19089","0.18531","0.19148","0.18112","12.19M","3.01%"
"04.11.2020","0.18531","0.18072","0.18540","0.17602","8.90M","2.54%"
"03.11.2020","0.18072","0.18341","0.18470","0.17535","10.17M","-1.46%"
"02.11.2020","0.18340","0.19070","0.19259","0.18163","8.04M","-3.82%"
"01.11.2020","0.19070","0.18531","0.19088","0.18393","5.72M","2.91%"
"31.10.2020","0.18531","0.18702","0.19039","0.18472","7.73M","-0.92%"
"30.10.2020","0.18702","0.18941","0.19046","0.17731","17.78M","-1.16%"
"29.10.2020","0.18922","0.19529","0.19878","0.18731","14.61M","-3.11%"
"28.10.2020","0.19529","0.21351","0.21361","0.18994","24.07M","-8.53%"
"27.10.2020","0.21351","0.21341","0.21609","0.20919","12.18M","0.04%"
"26.10.2020","0.21343","0.21500","0.22187","0.20904","11.73M","-0.73%"
"25.10.2020","0.21500","0.21900","0.21950","0.21354","6.99M","-1.83%"
"24.10.2020","0.21900","0.22180","0.22210","0.21742","6.11M","-1.18%"
"23.10.2020","0.22162","0.22310","0.22540","0.21592","8.96M","-0.79%"
"22.10.2020","0.22338","0.21521","0.22746","0.21521","15.31M","3.80%"
"21.10.2020","0.21520","0.20831","0.21980","0.20781","11.66M","3.31%"
"20.10.2020","0.20831","0.21411","0.21488","0.20195","13.69M","-2.71%"
"19.10.2020","0.21411","0.21401","0.21673","0.20954","7.17M","0.05%"
"18.10.2020","0.21401","0.21449","0.21789","0.21352","4.74M","-0.22%"
"17.10.2020","0.21449","0.20710","0.21581","0.20511","9.18M","3.66%"
"16.10.2020","0.20691","0.21322","0.21380","0.20488","7.91M","-2.83%"
"15.10.2020","0.21292","0.21471","0.21510","0.20955","6.47M","-0.83%"
"14.10.2020","0.21471","0.21706","0.21930","0.21138","6.41M","-1.08%"
"13.10.2020","0.21706","0.22032","0.22298","0.21406","8.38M","-1.48%"
"12.10.2020","0.22032","0.22181","0.22499","0.21388","14.24M","-0.68%"
"11.10.2020","0.22183","0.22012","0.22324","0.21600","11.94M","0.78%"
"10.10.2020","0.22012","0.22210","0.22844","0.21944","9.54M","-0.89%"
"09.10.2020","0.22210","0.21739","0.22525","0.21423","8.72M","1.99%"
"08.10.2020","0.21777","0.21468","0.21891","0.20614","8.29M","1.44%"
"07.10.2020","0.21468","0.21063","0.21517","0.20563","7.64M","1.92%"
"06.10.2020","0.21063","0.22156","0.22215","0.20690","10.16M","-4.93%"
"05.10.2020","0.22156","0.22350","0.22647","0.21770","7.19M","-0.87%"
"04.10.2020","0.22350","0.22028","0.22440","0.21670","4.93M","1.46%"
"03.10.2020","0.22028","0.22391","0.22499","0.22005","4.86M","-1.62%"
"02.10.2020","0.22391","0.23031","0.23290","0.21264","13.51M","-2.78%"
"01.10.2020","0.23031","0.23940","0.24727","0.22427","12.84M","-3.79%"
"30.09.2020","0.23939","0.23755","0.24273","0.23375","11.94M","0.78%"
"29.09.2020","0.23755","0.23418","0.23792","0.22870","10.89M","1.44%"
"28.09.2020","0.23418","0.22937","0.24278","0.22937","14.02M","2.10%"
"27.09.2020","0.22937","0.23275","0.23589","0.22223","6.90M","-1.45%"
"26.09.2020","0.23275","0.23219","0.23671","0.22938","7.76M","0.24%"
"25.09.2020","0.23219","0.22589","0.23494","0.21911","12.17M","2.78%"
"24.09.2020","0.22591","0.21240","0.22787","0.21101","13.14M","6.36%"
"23.09.2020","0.21240","0.22850","0.23233","0.21135","15.93M","-7.04%"
"22.09.2020","0.22850","0.21312","0.22876","0.21168","13.47M","7.21%"
"21.09.2020","0.21312","0.23759","0.24338","0.20744","25.70M","-10.30%"
"20.09.2020","0.23759","0.24260","0.24292","0.22966","12.89M","-2.07%"
"19.09.2020","0.24260","0.24345","0.24748","0.24112","8.94M","-0.27%"
"18.09.2020","0.24327","0.24971","0.25516","0.23919","15.45M","-2.58%"
"17.09.2020","0.24971","0.25084","0.25711","0.24595","14.03M","-0.45%"
"16.09.2020","0.25085","0.24659","0.25597","0.23782","11.59M","1.84%"
"15.09.2020","0.24631","0.25638","0.25871","0.24278","8.94M","-3.93%"
"14.09.2020","0.25638","0.25771","0.26289","0.24994","10.71M","-0.52%"
"13.09.2020","0.25771","0.27390","0.27418","0.24950","15.08M","-5.91%"
"12.09.2020","0.27390","0.26385","0.27701","0.26112","14.02M","3.81%"
"11.09.2020","0.26385","0.26588","0.26792","0.25602","10.70M","-0.76%"
"10.09.2020","0.26588","0.25676","0.26912","0.25451","16.57M","3.55%"
"09.09.2020","0.25676","0.25101","0.26380","0.24118","16.92M","2.33%"
"08.09.2020","0.25090","0.25274","0.26441","0.24433","15.90M","-0.73%"
"07.09.2020","0.25274","0.25802","0.26171","0.23727","18.02M","-2.05%"
"06.09.2020","0.25802","0.23699","0.26073","0.22563","20.83M","8.87%"
"05.09.2020","0.23699","0.26469","0.27039","0.22635","29.17M","-10.47%"
"04.09.2020","0.26469","0.25238","0.27445","0.24865","40.41M","4.88%"
"03.09.2020","0.25238","0.31655","0.31975","0.23651","41.23M","-20.27%"
"02.09.2020","0.31655","0.33529","0.33894","0.30258","28.90M","-5.59%"
"01.09.2020","0.33529","0.34784","0.35189","0.33209","28.76M","-3.61%"
"31.08.2020","0.34784","0.34639","0.35683","0.33783","20.96M","0.42%"
"30.08.2020","0.34639","0.35172","0.36337","0.34420","23.21M","-1.51%"
"29.08.2020","0.35170","0.35041","0.36767","0.34692","34.70M","0.35%"
"28.08.2020","0.35046","0.32631","0.35270","0.31976","31.83M","7.40%"
"27.08.2020","0.32631","0.35054","0.35456","0.31776","44.83M","-6.91%"
"26.08.2020","0.35054","0.34507","0.36831","0.34252","49.08M","1.59%"
"25.08.2020","0.34507","0.39658","0.39857","0.33744","65.50M","-12.99%"
"24.08.2020","0.39658","0.40253","0.43501","0.38865","60.25M","-1.48%"
"23.08.2020","0.40252","0.39817","0.42527","0.36899","66.35M","1.09%"
"22.08.2020","0.39817","0.37744","0.40676","0.34280","80.59M","5.49%"
"21.08.2020","0.37744","0.36093","0.44168","0.34845","233.34M","4.57%"
"20.08.2020","0.36093","0.31770","0.37080","0.31770","88.65M","13.61%"
"19.08.2020","0.31770","0.34969","0.35697","0.31027","83.27M","-9.15%"
"18.08.2020","0.34969","0.31632","0.37615","0.31628","132.25M","10.56%"
"17.08.2020","0.31629","0.32440","0.33888","0.29914","78.50M","-2.48%"
"16.08.2020","0.32431","0.27411","0.33921","0.27055","79.10M","18.32%"
"15.08.2020","0.27411","0.27869","0.28193","0.27188","23.00M","-1.65%"
"14.08.2020","0.27869","0.26873","0.27988","0.26363","21.58M","3.71%"
"13.08.2020","0.26873","0.27121","0.27373","0.25712","17.79M","-0.91%"
"12.08.2020","0.27121","0.26152","0.27389","0.25166","19.51M","3.70%"
"11.08.2020","0.26152","0.28661","0.28779","0.25029","30.93M","-8.75%"
"10.08.2020","0.28661","0.26692","0.28908","0.25903","38.42M","7.38%"
"09.08.2020","0.26692","0.26114","0.27123","0.26114","20.66M","2.21%"
"08.08.2020","0.26114","0.25300","0.26145","0.25187","10.27M","3.22%"
"07.08.2020","0.25300","0.25880","0.26390","0.24664","19.43M","-2.24%"
"06.08.2020","0.25880","0.25768","0.25961","0.25479","15.52M","0.43%"
"05.08.2020","0.25768","0.26171","0.26314","0.25415","18.89M","-1.54%"
"04.08.2020","0.26171","0.25084","0.26178","0.25084","14.42M","4.33%"
"03.08.2020","0.25084","0.24300","0.25580","0.24011","15.17M","3.22%"
"02.08.2020","0.24300","0.25869","0.26352","0.22485","31.43M","-6.06%"
"01.08.2020","0.25869","0.25308","0.25958","0.24968","17.26M","2.22%"
"31.07.2020","0.25308","0.24712","0.25328","0.24627","10.09M","2.41%"
"30.07.2020","0.24712","0.24747","0.25166","0.24682","14.67M","-0.14%"
"29.07.2020","0.24747","0.24740","0.24747","0.24740","14.98M","-1.51%"
"28.07.2020","0.25127","0.24823","0.25499","0.24294","28.27M","1.22%"
"27.07.2020","0.24823","0.25424","0.25723","0.22974","52.20M","-2.36%"
"26.07.2020","0.25424","0.26370","0.26669","0.25293","24.60M","-3.55%"
"25.07.2020","0.26360","0.25774","0.26500","0.25679","23.09M","2.27%"
"24.07.2020","0.25774","0.26450","0.26466","0.25670","19.80M","-2.55%"
"23.07.2020","0.26450","0.26218","0.26910","0.26020","13.31M","0.88%"
"22.07.2020","0.26218","0.26073","0.26804","0.25612","13.01M","0.56%"
"21.07.2020","0.26073","0.25850","0.26567","0.25517","21.34M","0.86%"
"20.07.2020","0.25850","0.27431","0.27575","0.25741","20.78M","-5.76%"
"19.07.2020","0.27431","0.26952","0.27987","0.26844","26.05M","1.79%"
"18.07.2020","0.26949","0.26548","0.27122","0.25826","16.21M","1.51%"
"17.07.2020","0.26548","0.26019","0.27712","0.26005","41.93M","2.04%"
"16.07.2020","0.26019","0.25981","0.27664","0.23819","51.71M","0.08%"
"15.07.2020","0.25997","0.26249","0.26498","0.25533","16.74M","-0.96%"
"14.07.2020","0.26249","0.26352","0.26764","0.25586","17.61M","-0.39%"
"13.07.2020","0.26352","0.26000","0.27921","0.25611","41.50M","1.35%"
"12.07.2020","0.26000","0.25789","0.26263","0.25271","11.08M","0.82%"
"11.07.2020","0.25789","0.25457","0.26004","0.25255","10.99M","1.30%"
"10.07.2020","0.25457","0.26137","0.26202","0.24615","17.13M","-2.60%"